id,name,email,phone,address,city,country,website,description,objectives,activities,image
1,"Zieme, Beahan and Walker",cummings.marvin@example.com,"(832) 708-6595",,"Lake Brianside",Morocco,http://www.luettgen.org/accusantium-dolor-velit-maxime-a-sunt.html,"Et voluptas omnis minima est eius quasi qui. Est quibusdam tempora temporibus.","Sunt nihil et aut aliquid inventore nostrum quam autem. In iusto totam et placeat alias voluptatem odit. Reiciendis veritatis eaque cupiditate nihil sit corrupti autem.","Voluptas reiciendis voluptate placeat similique. Ab sed ipsum inventore delectus. Velit qui et incidunt.",https://via.placeholder.com/640x480.png/00ccdd?text=iure
2,Mann-Kuhlman,simeon.ebert@example.org,"(234) 248-5121",,"New Cletus",Morocco,http://www.nader.info/tempora-unde-atque-deserunt-qui-architecto,"Fugit eos quis cupiditate aut. Placeat iusto fuga aliquid aliquid soluta. Quisquam consectetur sed unde autem consequatur est est.","Ab voluptatum et tempora distinctio ut dolores. Mollitia ut quibusdam voluptas voluptatem maxime. Est optio voluptatem occaecati. Nostrum ea reprehenderit quam iure provident esse rem esse.","Quasi voluptas sit soluta pariatur nemo at voluptates placeat. Blanditiis sed consequatur esse quia. Ut aliquid voluptatem est. Eos qui nobis esse ipsam culpa dolorem.",https://via.placeholder.com/640x480.png/009999?text=aliquid
3,"Sipes LLC",greg.murazik@example.net,+14805785969,,Deetown,Morocco,http://hane.com/est-tempore-blanditiis-laborum-magni-ex-amet-dolor.html,"Ipsum sed id non quod facere blanditiis omnis. Consequuntur autem dolor ut. Itaque ea aliquid aliquam quidem et non natus. Ut qui velit reprehenderit maiores.","Accusantium officia et aut et delectus. Sint et consectetur eos aut. Voluptatum sunt odio aperiam voluptatem ea voluptas consectetur. Aut necessitatibus libero cum enim ad odit.","Voluptatem qui eos dolorum voluptas ad dolorem. Praesentium consectetur sed sed vel ut sed enim. Est ipsam rerum mollitia quo quo nulla. Explicabo laborum quibusdam sed quam sunt.",https://via.placeholder.com/640x480.png/008844?text=fuga
4,"Raynor LLC",ryan.arielle@example.net,240.416.3308,,"South Brianmouth",Morocco,,"Quos reprehenderit quidem quia rem nihil et et. Quam maxime consequatur et sed placeat incidunt. Officia reiciendis corrupti officiis maiores maiores. Minus nulla dolor assumenda nemo.","Recusandae autem molestiae at occaecati libero rerum quia tempore. Non eaque est distinctio magni. Voluptatibus ut quibusdam accusamus et. Sed est corrupti dignissimos quibusdam placeat.","Ullam dolor nihil voluptate ratione consequuntur facilis cumque aperiam. Tempora animi itaque pariatur expedita. Perspiciatis odit est quae atque et.",https://via.placeholder.com/640x480.png/000022?text=facilis
5,"Waelchi Ltd",raina31@example.net,"+1 (440) 252-3381",,Dareview,Morocco,https://www.stiedemann.com/vel-quis-vero-commodi-quod-minima-et,"Est omnis et nesciunt similique aperiam voluptatem animi. Iusto et possimus ut quas a voluptatem reprehenderit.","Et inventore totam inventore qui cupiditate. Ea maiores doloremque eum dignissimos exercitationem. Saepe ipsum sequi ut quae dicta. Reprehenderit sed vero quam et quas.","Aspernatur voluptas dolore optio perspiciatis fugiat. Placeat doloribus facere est et voluptatum aliquid ut. Voluptas aut suscipit enim ipsum. Officia officiis voluptatem voluptatem dolor.",https://via.placeholder.com/640x480.png/001188?text=qui
6,"Rowe Inc",jackson43@example.com,480-958-3450,,Agustinmouth,Morocco,http://www.maggio.info/quos-nobis-neque-quidem-ullam-voluptatem-odio.html,"Amet porro vel id aut consectetur. Ea est minus repellendus iure. Molestiae dolor fugit non hic laboriosam pariatur. Molestias laudantium velit rerum voluptas nesciunt voluptates.","Dicta eius dolore quam sunt officiis rem ut. Quia aut nesciunt enim. Molestias ea non sint excepturi aliquam iusto ut. Ex velit quia repellendus atque occaecati. Autem ut rerum atque a.","Reprehenderit repellat et est magnam molestias. Corporis est qui qui ad nihil. Consectetur et sed quibusdam fuga.",https://via.placeholder.com/640x480.png/00ccee?text=eveniet
7,"Hegmann, Torp and Nader",mariam31@example.org,1-737-801-4598,"55749 Kihn Corner Suite 008
Port Pedrofort, IL 66696-7497","North Austentown",Morocco,,"Tenetur suscipit saepe ipsa odio iusto quas. Ut est in molestiae hic in corporis. Fugiat recusandae explicabo repellat aspernatur iusto et et id. Sint eos ipsum perferendis tenetur distinctio omnis.","Labore et autem placeat rerum dolore voluptas. Totam qui corrupti nemo enim non magnam distinctio. Quibusdam et at voluptas. Natus sed voluptatum vitae.","Aut in voluptate aut laudantium architecto corporis. Deleniti perferendis deleniti maxime. In qui sint neque ut et consectetur optio.",https://via.placeholder.com/640x480.png/00ddff?text=consequuntur
8,Keeling-Stiedemann,xstrosin@example.net,380-570-6235,"340 Parisian Well
Thompsonview, NJ 36152-5850",Ashamouth,Morocco,http://weimann.com/et-vitae-impedit-mollitia-cumque-consequatur-nihil-aliquam-eligendi.html,"Hic minus ut dolores eum ut. Ratione ipsum nisi quaerat reiciendis quod eum tempore dolor. Facilis sit ut delectus molestias. At quidem necessitatibus quae aut error aut culpa.","Voluptas illo est nobis soluta quos. Modi quae vel quia error reiciendis.","Consequatur dolores aliquam architecto vero. In quia quae eos sit. Odit ratione consequatur molestias ullam sapiente nostrum aut. Ut velit consequatur ducimus.",https://via.placeholder.com/640x480.png/00aa66?text=autem
9,"Hettinger LLC",elnora61@example.net,"(310) 388-4634","91433 Albertha Causeway
South Kallieberg, MO 38950-8624","Port Lillianastad",Morocco,http://lang.com/quibusdam-delectus-aut-minima-voluptatibus-voluptatem,"Doloribus eos beatae quod nesciunt laborum ut veniam. Sequi eligendi a ullam aliquam harum molestiae amet.","Delectus voluptatem nam nisi amet. Voluptate natus ipsa accusantium sunt hic. Fuga itaque adipisci perferendis accusantium. Voluptates sunt corrupti doloremque error deserunt.","Labore neque et quisquam nobis dolorem corrupti. Omnis asperiores qui quia neque enim. Qui consequatur enim deleniti deserunt.",https://via.placeholder.com/640x480.png/0044ff?text=occaecati
10,"Buckridge, Jacobi and Herzog",neil.parisian@example.org,+12039282634,"67589 Eden Point Apt. 418
Skilesview, AZ 77621","South Hyman",Morocco,http://mante.com/earum-doloremque-accusantium-autem-sint-quia-quo-sit,"Voluptate error et repellat reiciendis alias quia harum. Provident quia quibusdam itaque sapiente qui modi. Rerum quod dolore iusto a vitae.","Ut dolore unde illum dignissimos ex ut. Dicta officiis adipisci veniam sunt et modi. Adipisci ut qui quos eius est nisi laudantium. Est ut dolor cumque rem.","Eum suscipit adipisci temporibus reprehenderit. Tempora dignissimos quia sed ut aliquid. Provident et consequuntur ut excepturi. Doloribus quia praesentium et ipsam aut facere.",https://via.placeholder.com/640x480.png/004411?text=similique
