id,name,email,phone,date_of_birth,country,city,address,role,image,created_at,updated_at,deleted_at
1,"Mathilde Rempel Jr.",dickinson.xavier@example.net,843.546.5560,1985-11-04,Canada,Karlmouth,"40759 Ozella Point Apt. 087
New Francescamouth, VT 38592-0892",admin,https://via.placeholder.com/640x480.png/001144?text=veritatis,2024-08-07T11:26:36.000000Z,2024-04-22T09:13:32.000000Z,
2,"Mathew Dickens",audie.franecki@example.org,"(541) 219-1492",2022-02-08,"Bosnia and Herzegovina","Port Tomasa","55369 Bosco Fields Suite 527
Watershaven, AR 95392",admin,https://via.placeholder.com/640x480.png/005500?text=alias,2024-05-02T10:52:02.000000Z,2024-04-22T09:13:32.000000Z,
3,"Sidney Von",swift.colby@example.com,1-234-698-6343,1981-09-11,Bhutan,"East Manuela","66805 Doyle Pass
North Lindsayview, NC 68688",admin,https://via.placeholder.com/640x480.png/003333?text=voluptatem,2024-10-05T18:32:05.000000Z,2024-04-22T09:13:32.000000Z,
4,"Delta Christiansen",quinton89@example.com,+1-646-351-2361,2005-06-08,"Holy See (Vatican City State)",Dickinsonstad,"29863 Jedidiah Camp
DuBuqueside, CA 20792",admin,https://via.placeholder.com/640x480.png/00aa44?text=odit,2024-01-30T02:00:37.000000Z,2024-04-22T09:13:32.000000Z,
5,"Mrs. Henriette Hartmann",nlesch@example.org,1-715-452-4774,2023-09-06,Togo,Reyesburgh,"2711 Elfrieda Extension Apt. 535
Edythchester, HI 85181-9748",admin,https://via.placeholder.com/640x480.png/00cc11?text=fugiat,2024-10-07T07:07:26.000000Z,2024-04-22T09:13:32.000000Z,
6,"Torrance Tillman",garth29@example.net,+1-512-828-5638,1975-04-17,Uzbekistan,"West Don","128 Janie Fall Apt. 275
Ziememouth, KY 69532",admin,https://via.placeholder.com/640x480.png/001144?text=maiores,2024-05-02T23:53:49.000000Z,2024-04-22T09:13:32.000000Z,
7,"Matilda Muller II",uzemlak@example.net,352.987.0336,2020-05-20,"Libyan Arab Jamahiriya","West Deion","52045 Connelly Forest
Lake Gwen, NJ 76759-2843",admin,https://via.placeholder.com/640x480.png/00ee99?text=ipsam,2024-02-12T05:16:48.000000Z,2024-04-22T09:13:32.000000Z,
8,"Hilton Grimes",rmaggio@example.org,352.470.5483,1999-07-07,"Puerto Rico",Earnestineberg,"933 Herzog Green Apt. 532
West Jamie, ME 60559-1459",admin,https://via.placeholder.com/640x480.png/005511?text=autem,2024-08-08T07:19:25.000000Z,2024-04-22T09:13:32.000000Z,
9,"Syble Gaylord",ybecker@example.org,248.949.9322,2018-05-31,"Antarctica (the territory South of 60 deg S)",Dedricberg,"836 Crystel Spur
Lake Westleyhaven, ND 27453",admin,https://via.placeholder.com/640x480.png/00aabb?text=impedit,2024-01-28T22:44:15.000000Z,2024-04-22T09:13:32.000000Z,
10,"Dr. Renee Streich",veffertz@example.net,"+1 (540) 447-1356",1983-01-25,Paraguay,"South Linwoodport","5467 Delbert Pine Apt. 718
West Keenanland, MT 26072-0681",admin,https://via.placeholder.com/640x480.png/0055aa?text=aliquam,2024-08-16T00:07:15.000000Z,2024-04-22T09:13:32.000000Z,
11,"Holly Wolf",slynch@example.com,385-295-8624,2018-11-28,"United States Virgin Islands","Port Freddy","6455 Nyah Flat
New Sonny, AR 10182-6304",association_agent,https://via.placeholder.com/640x480.png/00ddff?text=rem,2024-09-01T18:41:14.000000Z,2024-04-22T09:13:32.000000Z,
12,"Araceli Stark",jake93@example.org,"+1 (352) 503-0541",1973-03-25,"Russian Federation","West Ibrahimberg","714 Reinger Tunnel Apt. 304
Prestonbury, HI 46864-6661",association_agent,https://via.placeholder.com/640x480.png/005544?text=aut,2024-11-11T18:46:44.000000Z,2024-04-22T09:13:32.000000Z,
13,"Dr. Amelia Greenholt Sr.",qhauck@example.net,1-678-613-8821,1982-01-03,Norway,"Port Jermaineshire","917 Polly Stream Apt. 578
East Ruth, IL 98452-2637",association_agent,https://via.placeholder.com/640x480.png/00dd33?text=fugit,2024-06-04T09:52:48.000000Z,2024-04-22T09:13:32.000000Z,
14,"Ola Fritsch",meda79@example.org,+1-804-501-7957,1990-12-12,Barbados,"South Anissashire","960 Hailee Route Apt. 103
Port Bettye, ID 99198",association_agent,https://via.placeholder.com/640x480.png/009911?text=doloremque,2024-11-10T04:19:04.000000Z,2024-04-22T09:13:32.000000Z,
15,"Jaylen Wehner",karolann.ryan@example.com,"(304) 739-5644",2006-08-26,Japan,Donnyton,"977 Birdie Throughway
New Graciehaven, SD 64290",association_agent,https://via.placeholder.com/640x480.png/001155?text=occaecati,2024-04-30T21:56:27.000000Z,2024-04-22T09:13:32.000000Z,
16,"Kraig Cole",melody.baumbach@example.net,630-536-8260,2011-10-19,"Central African Republic","North Magnolia","54177 Verda Valley Suite 969
Creminview, LA 16248",association_agent,https://via.placeholder.com/640x480.png/0000aa?text=quo,2024-03-31T13:10:21.000000Z,2024-04-22T09:13:32.000000Z,
17,"Dr. Carlo Bode DVM",udoyle@example.org,+14126057195,1996-12-17,Liechtenstein,"New Kristin","1643 Bode Flat
Nitzscheville, CO 15283-1014",association_agent,https://via.placeholder.com/640x480.png/0077cc?text=sit,2024-06-21T01:09:13.000000Z,2024-04-22T09:13:32.000000Z,
18,"Eino Ebert",mills.eddie@example.com,"+1 (352) 205-5295",2001-01-07,Togo,Hoppeport,"7420 Marlen Highway Apt. 751
Lake Kayden, SC 38248-3608",association_agent,https://via.placeholder.com/640x480.png/002211?text=qui,2024-02-08T02:58:43.000000Z,2024-04-22T09:13:32.000000Z,
19,"Vicente Hagenes",awisoky@example.net,"+1 (262) 572-9216",2015-10-06,"Papua New Guinea",Weimannbury,"770 Kamron Plains Suite 330
Audieburgh, NE 62394",association_agent,https://via.placeholder.com/640x480.png/00eeee?text=quae,2024-04-13T15:53:29.000000Z,2024-04-22T09:13:32.000000Z,
20,"Earnest Krajcik",mills.amaya@example.com,+1-910-463-8493,1975-01-15,"Northern Mariana Islands","New Rossietown","6700 Green Lock Suite 623
Port Duane, AR 05216-9373",association_agent,https://via.placeholder.com/640x480.png/006688?text=illum,2024-11-25T08:36:00.000000Z,2024-04-22T09:13:32.000000Z,
21,"Avis Windler",hleuschke@example.com,"(725) 875-4095",2022-09-04,Spain,"West Braeden","1432 Brittany Isle Apt. 421
Chesleyport, TX 29855",patient,https://via.placeholder.com/640x480.png/005533?text=rerum,2024-10-09T04:01:26.000000Z,2024-04-22T09:13:32.000000Z,
22,"Kareem Crona",anya88@example.com,"+1 (503) 562-0536",2019-02-13,Cameroon,"North Jewelfurt","52749 Schaden Key
Kozeystad, LA 23825-2873",patient,https://via.placeholder.com/640x480.png/0033ff?text=tempora,2024-10-26T14:28:38.000000Z,2024-04-22T09:13:32.000000Z,
23,"Margot Gutkowski",yarmstrong@example.com,1-478-816-0168,2008-12-08,Armenia,Hegmannberg,"7757 Teresa Gardens Suite 861
West Amandaport, VA 42789",patient,https://via.placeholder.com/640x480.png/000088?text=aut,2024-03-24T18:16:11.000000Z,2024-04-22T09:13:32.000000Z,
24,"Dr. Thomas Streich IV",tglover@example.net,+1-641-914-5768,2015-03-31,Kiribati,Patport,"522 Bauch Port
Gutmanntown, ID 01750-2969",patient,https://via.placeholder.com/640x480.png/002233?text=explicabo,2024-07-11T02:04:53.000000Z,2024-04-22T09:13:32.000000Z,
25,"Sterling Veum",mittie65@example.com,"+1 (972) 884-4658",1972-07-18,China,Bartonland,"1004 Stoltenberg Fort
West Kianna, NJ 73651-8966",patient,https://via.placeholder.com/640x480.png/0044ee?text=rerum,2024-09-01T22:14:41.000000Z,2024-04-22T09:13:32.000000Z,
26,"Mr. Macey Miller I",macejkovic.joy@example.com,717.985.9774,1985-08-20,Ghana,Darianport,"122 Jimmie River Apt. 106
East Haroldmouth, MA 99686-9718",patient,https://via.placeholder.com/640x480.png/007788?text=nobis,2024-08-04T16:33:49.000000Z,2024-04-22T09:13:32.000000Z,
27,"Flossie Shields",garrick.bartoletti@example.org,713.256.5886,1999-01-20,Guam,"Port Eleazarberg","308 Holden Ports Apt. 711
Charleyshire, IA 88957-3097",patient,https://via.placeholder.com/640x480.png/0011cc?text=iure,2024-01-25T10:42:37.000000Z,2024-04-22T09:13:32.000000Z,
28,"Mr. Korbin Davis",ledner.alfred@example.org,"+1 (802) 309-7350",2001-01-19,Aruba,"Port Cora","62122 Klocko Creek
Jayneport, OK 27473-4506",patient,https://via.placeholder.com/640x480.png/00dd44?text=amet,2024-07-24T13:13:00.000000Z,2024-04-22T09:13:32.000000Z,
29,"Meaghan Leffler",upurdy@example.com,"+1 (828) 646-6496",1972-09-02,"Bouvet Island (Bouvetoya)","Lake Dariostad","39544 Effertz Flat Apt. 404
Lindgrenport, DC 86680-8390",patient,https://via.placeholder.com/640x480.png/002299?text=qui,2024-02-23T23:53:15.000000Z,2024-04-22T09:13:32.000000Z,
30,"Arnold Luettgen",cummerata.hazel@example.org,"+1 (561) 756-6473",2016-04-13,"Costa Rica","North Benton","2278 Marvin Extension Apt. 831
East Myraburgh, MD 08252-5149",patient,https://via.placeholder.com/640x480.png/004466?text=ea,2024-05-09T01:03:25.000000Z,2024-04-22T09:13:32.000000Z,
